###,DoubleSpace compressed volume file
$ll,Steinberg Cubase compressed file
0,file icon0	Compressed harddisk data archive
000,Sequentially numbered backup files
000,file icon000	DoubleSpace compressed data file
001,Generally split archive or backup file (001-??? file sequence)
001,file icon001	Compressed file from a multi-volume archive (part 1)
002,Drive Image 5 setup file
002,Generally split archive or backup file (part 002)
002,file icon002	Compressed file from a multi-volume archive (part 2)
003,Drive Image 5 setup file
003,Generally split archive or backup file (part 003)
003,file icon003	Compressed file from a multi-volume archive (part 3)
004,Generally split archive or backup file (part 004)
004,file icon004	Compressed file from a multi-volume archive (part 4)
005,Generally split archive or backup file (part 005)
005,file icon005	Compressed file from a multi-volume archive (part 5)
006,Generally split archive or backup file (part 006)
006,file icon006	Compressed file from a multi-volume archive (part 6)
007,James Bond 007: Nightfire game data
007,file icon007	Compressed file from a multi-volume archive (part 7)
008,file icon008	Compressed file from a multi-volume archive (part 8)
009,file icon009	Compressed file from a multi-volume archive (part 9)
010,Generally split archive or backup file (part 010)
010,file icon010	Compressed file from a multi-volume archive (part 10)
011,file icon011	Compressed file from a multi-volume archive (part 11)
012,file icon012	Split file or Compressed file from a multi-volume archive (part 12)
013,file icon013	Split file or Compressed file from a multi-volume archive (part 13)
014,file icon014	Split file or Compressed file from a multi-volume archive (part 14)
015,file icon015	Split file or Compressed file from a multi-volume archive (part 15)
016,file icon016	Split file or Compressed file from a multi-volume archive (part 16)
017,file icon017	Split file or Compressed file from a multi-volume archive (part 17)
018,file icon018	Split file or Compressed file from a multi-volume archive (part 18)
019,file icon019	Split file or Compressed file from a multi-volume archive (part 19)
01_,Winfunktion Mathematic v8.0 Julia fractal file
020,file icon020	Split file or Compressed file from a multi-volume archive (part 20)
021,file icon021	Split file or Compressed file from a multi-volume archive (part 21)
022,file icon022	Split file or Compressed file from a multi-volume archive (part 22)
023,file icon023	Split file or Compressed file from a multi-volume archive (part 23)
024,file icon024	Split file or Compressed file from a multi-volume archive (part 24)
025,file icon025	Split file or Compressed file from a multi-volume archive (part 25)
026,file icon026	Split file or Compressed file from a multi-volume archive (part 26)
027,file icon027	Split file or Compressed file from a multi-volume archive (part 027)
028,file icon028	Split file or Compressed file from a multi-volume archive (part 28)
029,file icon029	Split file or Compressed file from a multi-volume archive (part 29)
02_,Winfunktion Mathematic v8.0 Julia fractal
030,file icon030	Split file or Compressed file from a multi-volume archive (part 30)
031,file icon031	Split file or Compressed file from a multi-volume archive (part 31)
032,file icon032	Split file or Compressed file from a multi-volume archive (part 32)
033,file icon033	Split file or Compressed file from a multi-volume archive (part 33)
034,file icon034	Split file or Compressed file from a multi-volume archive (part 34)
035,file icon035	Split file or Compressed file from a multi-volume archive (part 35)
036,file icon036	Split file or Compressed file from a multi-volume archive (part 36)
037,file icon037	Split file or Compressed file from a multi-volume archive (part 37)
038,file icon038	Split file or Compressed file from a multi-volume archive (part 38)
039,file icon039	Split file or Compressed file from a multi-volume archive (part 39)
03_,Winfunktion Mathematic v8.0 Julia fractal file
040,file icon040	Compressed archive
041,file icon041	Compressed archive
042,file icon042	Split file or compressed file from a multi-volume archive (part 42)
043,file icon043	Compressed archive file
044,file icon044	Compressed archive
045,file icon045	Compressed archive file
046,file icon046	Split file or Compressed file from a multi-volume archive (part 46)
047,file icon047	Compressed archive file
048,file icon048	Compressed archive file
049,file icon049	Split file or Compressed file from a multi-volume archive (part 21)
04_,Winfunktion Mathematik v8.0 Julia fractal
050,file icon050	Split or compressed archive file
051,file icon051	Compressed archive file
052,file icon052	Compressed archive file
053,file icon053	Compressed archive file
054,file icon054	Compressed archive file
055,file icon055	Compressed archive file
056,file icon056	Compressed archive file
057,file icon057	Compressed archive file
058,file icon058	Split file or compressed file from a multi-volume archive (part 58)
059,file icon059	Compressed archive file
060,file icon060	Compressed archive file
061,file icon061	Compressed archive file
062,file icon062	Compressed archive file
063,file icon063	Compressed archive file
064,file icon064	Compressed archive file
065,file icon065	Compressed file from a multi-volume archive (part 65)
066,file icon066	Compressed archive file
067,file icon067	Compressed archive file
068,file icon068	Compressed archive file
069,file icon069	Compressed archive file
070,file icon070	Compressed archive file
071,file icon071	Split file or Compressed file from a multi-volume archive (part 71)
072,file icon072	Compressed archive file
073,file icon073	Compressed archive file
074,file icon074	Compressed archive file
076,file icon076	Compressed archive
077,file icon077	Compressed archive file
078,file icon078	Compressed archive file
079,file icon079	Compressed archive file
080,file icon080	Split file or Compressed file from a multi-volume archive (part 80)
081,file icon081	Compressed archive file
083,file icon083	Compressed archive
084,file icon084	Compressed archive file
086,file icon086	Compressed archive file
087,file icon087	Compressed archive file
088,file icon088	Compressed archive file
089,file icon089	Compressed archive file
090,file icon090	Compressed file from a multi-volume archive (part 90)
092,file icon092	Compressed archive
093,file icon093	Compressed archive
094,file icon094	Compressed archive file
095,file icon095	Compressed archive
097,file icon097	Compressed archive
098,file icon098	Compressed archive
099,file icon099	Compressed archive file
1,Stuffit archive file
2,Setup Factory 6.0 setup launcher data
232,Microsoft Office installation data
7-z,file icon7-z	7z compressed archive
7-zip,file icon7-zip	7z compressed archive
7z,file icon7z	7-ZIP compressed 7z archive
7z.001,file icon7z.001	Split Multi-volume 7-ZIP compressed file archive (part 1)
7z.002,file icon7z.002	Split Multi-volume 7-ZIP compressed file archive (part 2)
7z.003,file icon7z.003	Split Multi-volume 7-ZIP compressed file archive (part 3)
7z.004,file icon7z.004	Split Multi-volume 7-ZIP compressed file archive (part 4)
7z.005,file icon7z.005	Split Multi-volume 7-ZIP compressed file archive (part 5)
7z.006,file icon7z.006	Split Multi-volume 7-ZIP compressed file archive (part 6)
7z.007,file icon7z.007	Split Multi-volume 7-ZIP compressed file archive (part 7)
7z.008,file icon7z.008	Split Multi-volume 7-ZIP compressed file archive (part 8)
7z.009,file icon7z.009	Split Multi-volume 7-ZIP compressed file archive (part 9)
7z.010,file icon7z.010	Split Multi-volume 7-ZIP compressed file archive (part 10)
7z.011,file icon7z.011	Split Multi-volume 7-ZIP compressed file archive (part 11)
7z.012,file icon7z.012	Split Multi-volume 7-ZIP compressed file archive (part 12)
7z.013,file icon7z.013	Split Multi-volume 7-ZIP compressed file archive (part 13)
7z.014,file icon7z.014	Split Multi-volume 7-ZIP compressed file archive (part 14)
7z.015,file icon7z.015	Split Multi-volume 7-ZIP compressed file archive (part 15)
7z.016,file icon7z.016	Split Multi-volume 7-ZIP compressed file archive (part 16)
7z.017,file icon7z.017	Split Multi-volume 7-ZIP compressed file archive (part 17)
7z.018,file icon7z.018	Split Multi-volume 7-ZIP compressed file archive (part 18)
7z.019,file icon7z.019	Split Multi-volume 7-ZIP compressed file archive (part 19)
7z.020,file icon7z.020	Split Multi-volume 7-ZIP compressed file archive (part 20)
7z.021,file icon7z.021	Split Multi-volume 7-ZIP compressed file archive (part 21)
7z.023,file icon7z.023	Split Multi-volume 7-ZIP compressed file archive (part 23)
7z.025,file icon7z.025	Split Multi-volume 7-ZIP compressed file archive (part 25)
7z.027,file icon7z.027	Split Multi-volume 7-ZIP compressed file archive (part 27)
7z.028,file icon7z.028	Split Multi-volume 7-ZIP compressed file archive (part 28)
7z.029,file icon7z.029	Split Multi-volume 7-ZIP compressed file archive (part 29)
7z.030,file icon7z.030	Split Multi-volume 7-ZIP compressed file archive (part 30)
7z.031,file icon7z.031	Split Multi-volume 7-ZIP compressed file archive (part 31)
7z.032,file icon7z.032	Split Multi-volume 7-ZIP compressed file archive (part 32)
7z.033,file icon7z.033	Split Multi-volume 7-ZIP compressed file archive (part 33)
7z.034,file icon7z.034	Split Multi-volume 7-ZIP compressed file archive (part 34)
7z.035,file icon7z.035	Split Multi-volume 7-ZIP compressed file archive (part 35)
7z.036,file icon7z.036	Split Multi-volume 7-ZIP compressed file archive (part 36)
7z.037,file icon7z.037	Split Multi-volume 7-ZIP compressed file archive (part 37)
7z.039,file icon7z.039	Split Multi-volume 7-ZIP compressed file archive (part 039)
7zip,file icon7zip	7-Zip 7z compressed archive
9m1,file icon9m1	WinRAR split archive part 1
??$,MsCompress archive
_dd,Norton Disk Doctor repair file
a,Red Hat Linux archive
a00,file icona00	Split Multi-volume ARJ compressed file archive (part 2)
a01,file icona01	Split Multi-volume ARJ compressed file archive (part 3)
a02,file icona02	Split Multi-volume ARJ compressed file archive (part 4)
a03,file icona03	Split Multi-volume ARJ compressed file archive (part 5)
a04,file icona04	Split Multi-volume ARJ compressed file archive (part 6)
a05,file icona05	Split Multi-volume ARJ compressed file archive (part 7)
a06,Split Multi-volume ALZip compressed file archive (part 8)
a06,file icona06	Split Multi-volume ARJ compressed file archive (part 8)
a07,file icona07	Split Multi-volume ARJ compressed file archive (part 9)
a08,file icona08	Split Multi-volume ARJ compressed file archive (part 10)
a09,file icona09	Split Multi-volume ARJ compressed file archive (part 11)
a1,Free Pascal archive
a10,Split Multi-volume ALZip compressed file archive (part 12)
a10,file icona10	Split Multi-volume ARJ compressed file archive (part 12)
a11,file icona11	Split Multi-volume ARJ compressed file archive (part 13)
a12,file icona12	Split Multi-volume ARJ compressed file archive (part 14)
a13,file icona13	Split Multi-volume ARJ compressed file archive (part 15)
a14,file icona14	Split Multi-volume ARJ compressed file archive (part 16)
a15,file icona15	Split Multi-volume ARJ compressed file archive (part 17)
a16,file icona16	Split Multi-volume ARJ compressed file archive (part 18)
a17,file icona17	Split Multi-volume ARJ compressed file archive (part 19)
a18,file icona18	Split Multi-volume ARJ compressed file archive (part 20)
a19,file icona19	Split Multi-volume ARJ compressed file archive (part 21)
a20,file icona20	Split Multi-volume ARJ compressed file archive (part 22)
a32,Split Multi-volume ARJ compressed file archive (part 34)
a7e,file icona7e	Adobe Authorware packaged library
aar,Apache Axis2 archive
abbu,file iconabbu	Apple Address Book contacts archive
acb,AOL Cab Launcher data
acd-zip,Sony ACID compressed project
ace,file iconace	WinACE compressed ace archive
acp,Alfresco exported repository file
adf,Amiga disk format
adsm,Advanced Split Machine split data
adz,Amiga emulator compressed ADF data
afa,Astrotite compressed archive
afzplug,Corel AfterShot Pro plugin archive
air,file iconair	Adobe AIR rich Internet applications
akp,file iconakp	Akai S5000, S6000 program data
alz,file iconalz	ALZip compressed archive
antifrag,DC++ incomplete download
aop,JBoss AS JAR archive
ap,WHAP compressed Amiga archive
ap_,Google Android development resources package
apple,Apple AppleSingle data
appv,App-V archive
appxbundle,Microsoft Windows app bundle package
arc,ARC lossless data compression and archive format
arc,FreeArc compressed archive
arch00,F.E.A.R. game archive
archiver,Incredible Bee Archiver archive file
arh,El Airplane game archive
arj,file iconarj	ARJ Compressed archive
ark,ARC File Archiver CPM/Port archive
art,Build game engine archive file
as4a,ActivInspire resource pack
asd,ASD Archiver compressed archive
asec,file iconasec	Google Android encrypted application package
atla,Artlantis archive
atr,Atari 8-bit disk image
avb,Accpac macro archive
axr,file iconaxr	ElcomSoft Advanced Archive Password recovery file
aza,QazaR Archive compressed data
b1,file iconb1	B1 compressed archive
b64,ASCII base64 MIME encoded archive
ba,Scifer Archive External archive format
bag,Bag archive
bag,Emperor: Battle for Dune game data
bar,Age of Empires / Age of Mythology game file
bar,BlackBerry OS 10 application installation package
bar,Unix BAR compressed file archive
bba,BlueByte archive
bc,Big Crunch compressed file
bca,BCArchive compressed encrypted archive
bcz,Siemens PLM software ZIP BriefCase file
bee,Bee Archiver compressed archive file
bel,Belon compressed archive
bh,ZipTV BlakHole Archive file format
bhx,BinHex compressed file ASCII archive
bif,BioWare game resource file
bin,AVG update data
bin,Macbinary II encoded file
bio,BioArc compressed archive file
bke,BackupEarth.com data compression file
blb,Blorb game resource package
blb,DreamWorks resource game archive
blz,BriefLZ compressed data file
bma,Compressed archive
bnd,Neighbours From Hell game archive
bnt,Entropia Universe game archive
boe,file iconboe	Microsoft Outlook Express backup file
boo,Microsoft Booasm.arc encoded file archive
bos,Fallout Tactics game archive
boz,BZIP compressed archive
bsz,BS.Player compressed skin
btc,Becker Tools compressed archive
bulk,BulkZip compressed archive
bulk-002,Split multi-volume BulkZip compressed file archive (part 2)
bulk-003,Split multi-volume BulkZip compressed file archive (part 3)
bun,Monkey Island 3 game archive
bvx,OptiTune install package
bz,BZIP compressed file archive
bz2,file iconbz2	bzip2 compressed file archive
bza,file iconbza	bzip2 compressed file archive
bzip,BZIP compressed archive
bzip2,BZIP compressed archive
c00,file iconc00	Split Multi-volume ACE compressed file archive
c01,file iconc01	Split Multi-volume ACE compressed file archive
c02,file iconc02	Split Multi-volume ACE compressed file archive
c03,file iconc03	Split Multi-volume ACE compressed file archive
c04,file iconc04	Split Multi-volume ACE compressed file archive
c05,file iconc05	Split Multi-volume ACE compressed file archive
c06,file iconc06	Split Multi-volume ACE compressed file archive
c07,file iconc07	Split Multi-volume ACE compressed file archive
c08,file iconc08	Split Multi-volume ACE compressed file archive
c09,file iconc09	Split Multi-volume ACE compressed file archive
c10,file iconc10	Split Multi-volume ACE compressed file archive
c13,Charlie Packer archive
c24,Drive Image ace image
c32,Split multi-volume ACE compressed file archive
c39,Split Multi-volume ACE compressed file archive
c40,Split Multi-volume ACE compressed file archive
c41,Split Multi-volume ACE compressed file archive
c42,Split Multi-volume ACE compressed file archive
c43,Split Multi-volume ACE compressed file archive
c44,Split Multi-volume ACE compressed file archive
c45,Split Multi-volume ACE compressed file archive
c46,Split Multi-volume ACE compressed file archive
c47,Split Multi-volume ACE compressed file archive
c48,Split Multi-volume ACE compressed file archive
c49,Split Multi-volume ACE compressed file archive
c50,Split Multi-volume ACE compressed file archive
c51,Split Multi-volume ACE compressed file archive
c52,Split Multi-volume ACE compressed file archive
c53,Split Multi-volume ACE compressed file archive
c54,Split Multi-volume ACE compressed file archive
c55,Split Multi-volume ACE compressed file archive
ca1,Delphi install disk
ca_,Microsoft Cabinet file
cab,Installation File For Windows Mobile
cab,Windows Cabinet Compressed Archive
car,CAR Archive compressed archive
car,SAPCAR archive file
carb,file iconcarb	Apple Carbon package
cat,Rational Rose logical package
caz,Computer Associates Archive
cb7,CDisplay 7-Zip comic book
cbr,file iconcbr	Comic Book Archive file or ComicBook Reader e-book
cbt,CDisplay TAR Comic book file
cbv,ChessBase archive file
cbz,file iconcbz	Comic Book Archive file or ComicBook Reader e-book
ccn,Multimedia Fusion development file
cdoc,DigiDoc Client container file
cfz,Compressed archive
chunk001,File Splitter split file (part 1)
chz,ChArc compressed archive
cmp,PKWare Compression Library archive
compress,Microsoft Compress archive
cpgz,Compressed UNIX CPIO archive
cpio,Unix CPIO archive
cpk,CRI Packed File Maker middleware package
cpk,Compiled Server Software Package file
cpr,Port Royale game archive
cpt,Compact Pro archive file
cpz,Central Point Shrink archive file
crf,Enhanced Dark Engine game archive
cru,CRUSH compressed archive
csk,Claris Works data
cso,file iconcso	CISO compressed ISO image
ctit,RAR archive
ctp,Civilization: Call to Power game data
ctw,Context Tree Weighting compressed file
cv,Corel Versions archive
czar,Cherwell archive repository
czip,file iconczip	ZG encrypted zip archive
d3c,Descent game data
dak,Debian Archive Kit data
dar,DAR disk archive
darc,Darc archive
dax,PSP Compressed CD image
dbz,DB Zipper compressed database
dcf,DisCryptor encrypted archive
dcm,Atari disk image format
dco,DisCryptor encrypted archive
dd,file icondd	DiskDoubler compressed archive
deb,Apple iPhone Cydia application installation package file
deb,file icondeb	Debian Linux package
desktop,file icondesktop	DesktopX Windows desktop theme
devpackage,Dev-C++ package
devpak,Dev-C++ developer package file
dfl,DEFLATE compressed data
diagcab,Microsoft Windows Troubleshooting CAB data
diagpkg,Microsoft Windows Troubleshooting package
djprojects,Digital Juice compressed audio data
dl_,file icondl_	Microsoft Windows DLL backup
dlc,file icondlc	JDownloader download link container
dms,Amiga compressed archive
dni,realMyst game archive
doz,Zardoz archive file
dpk,Microsoft Windows Application Manager deleted package file
drs,Age of Empires 2 game data
drz,DReport compressed report
dsy,DAISY AdAkta container file format
dta,Hidden & Dangerous game file
dtsx,Microsoft SQL Server Integration Services package
dtz,Simrad SP70 scanning sonar compressed data
du_,CAB archive
dub,Tuningwrench Audio Utility compressed audio
dur,DURILCA compressed archive
dwz,file icondwz	Compressed AutoCAD drawing
dxtheme,file icondxtheme	DesktopX Windows desktop theme
dz,Dzip compressed archive
dz,LG firmware archive
e01,ARJ auto-extractable archive
e4a,Encrypt4all archive file
eappx,Microsoft Windows encrypted app archive
ear,file iconear	Java Enterprise application packaging unit
ecs,Sony Ericsson Phone backup file
edz,ProductView compressed package
efw,CA Security Centre compressed data
egg,ALZip EGG compressed archive
emk,EMK Compress archive
en2,Articulate Engage compressed data
enc4,Samsung Galaxy encrypted firmware update
enfpack,Enfocus pack
enlx,EndNote archived library
enpack,EnCase package
ep2,EclipsePackager package
er_,Microsoft Windows WinHelp compressed data
evz,EVO compressed record file
ex_,file iconex_	Compressed EXE file
exe,file iconexe	Self-extracting compressed file archive
f,Freeze compressed file archive
fb,Slim! compressed archive
fbz,Shadowgrounds game archive
fcarch,Apple Final Cut Pro archive
fcx,Vax VMS compressed data
fcxe,FileCapsule Deluxe encoded archive
ff,Freedom Force game file
ffl,Aliens vs Predator game file
ffr,FFR compressed archive
fgz,Formula Graphics standalone presentation archive
flmod,Freelancer game archive
fmu,Functional Mock-up Unit data
fpk,Civilization IV game archive
fpk,JetForm form package
fpkg,file iconfpkg	Apple Mac OS X Installer package file
framework,file iconframework	Apple macOS (OS X) application framework data
frp,FaxRush package file
fuzz,Fuzzac Packer module file
fwp,Frontpage web packages
fxf,IBM BigFix action data
fzf,file iconfzf	FontZip font packer data
gb7,MASGAU archive
gbm,Genie Backup Manager archive
gbx,Game data package
gca,GCA compressed archive
gcf,WinXComp grouped compressed data
gfar,Greenfoot JAVA archive
gip,Ghost Installer package
gnutar,TAR archive
gpk,HP OmniGo GEOS compressed file archive
gr_,Unknown file extension
gro,Serious Sam game data
gta,file icongta	Microsoft SharePoint Workspace Groove tool archive
gtar,GNU tar compressed archive
gxx,GeneXpert archive
gz,file icongz	GZIP compressed archive
gza,file icongza	bzip2 compressed file archive
gzi,file icongzi	GZip compressed archive
gzip,GNU ZIP gzip compressed archive
gzp,Giants Citizen Kabuto game file
h_,Microsoft WinHelp compressed data
ha,HA compressed archive
haf,HEAT archive
hal,Mortyr game archive file
hap,HAP compressed file archive
hbc,HyperBac compressed archive
hbc2,HyperBac compressed archive
hbx,BinHex encoded file
he2,Humungous Entertainment archive
hha,HyperHub archive file
hki,WinHKI compressed archive
hl$,file iconhl$	MS-DOS compressed help document
hlz,MultiEdit packed help
hog,Descent game data
hpa,Hyper Patch archive
hpi,Total Annihilation game archive
hpz,Helpinator project file
hqx,file iconhqx	Macintosh BinHex archive
hstx,Altair HyperStudy package file
htmlz,Zipped HTML document or e-book
ice,ICEOWS compressed data
icf,RapidForm INUS compression format file
igz,Gzipped image file
iha,GE Historian archive
img,Grand Theft Auto game archive file
imoviemobile,iMovie project package
inp,Self-Extracting Archive Utility project
inv,file iconinv	Microsoft Windows Update data
io,CPIO compressed file archive
ipa,file iconipa	Apple iOS application
ipk,WebGine Internet package
ipk,ipkg Itsy compressed archive file
isz,file iconisz	UltraISO compressed disk image
itmsp,Apple iTunes Store package file
iwa,Apple iWork document archive
iwd,Call of Duty game archive
ize,IZArc encrypted archive
ja,Mozilla archive file
jar,file iconjar	Compressed archive file package for Java classes and data
jar.pack,file iconjar.pack	Oracle Pack200 packed JAR archive
jgz,Gzipped JavaScript script
jic,Java icon file
jpq,JPQ (Jared Package) Library archive
jrc,JRchive file
jso,Compressed ISO image
kar,Keep-It archive
ken,Player CDcheck compressed data
kep,Turbo Pascal DOS Tp19 compressed Kepler data
key,OS/2 archive key
kgb,KGB Archiver compressed archive
kge,KGB Archiver encrypted compressed archive
kva,KVIrc compressed archive
kz,KuiaiZip archive
l01,ISOBuster Expert Witness Compression Format file
lg,Arhangel compressed archive
lha,file iconlha	LH ARC compressed archive
lhw,LHWarp Compressed Amiga archive
lhz,file iconlhz	LHA Compressed file archive
lim,Limit compressed data
lime,Lattice QCD Interchange Message Encapsulation format
liz,Compressed list data
lrz,lrzip compressed archive
ls5,HTML Compress compressed data
lz,LZIP compressed archive
lz4,LZ4 compressed data
lzh,file iconlzh	LH ARC compressed archive
lzm,Slax module file
lzma,file iconlzma	7-Zip compressed data
lzo,lzop archive
lzop,LZOP compressed data
lzp,Law and Order 3: Justice is Served game file
lzr,Crunched LBR archive
lzs,LARC compressed file archive
lzw,LZW compressed archive
lzx,Amiga LZX archive file
m3k,file iconm3k	Interactive Digital Content File
m99,M99 compressed data
macbin,file iconmacbin	MacBinary archive
maff,Mozilla archive format
mar,file iconmar	Mozilla archive file
mcp,MSN Content Plus installer file archive
md,MDCD compressed file archive
md5,Samsung Galaxy firmware archive
mdzip,MagicDraw compressed project
mgz,Metal Gear Solid game archive
mmip,MediaMonkey installation file
mn3,Descent 3 mission file
mo?,Standard mail archive file
mob,Master of Orion 3 game data
mos,MACAOS compressed transmission data
mou,MOU compressed format
mpkg,Meta package
mpq,file iconmpq	Blizzard Entertainment game archive
mrt,file iconmrt	Microsoft Visio 2010 installation archive
ms_,file iconms_	Microsoft Windows WinHelp compressed data
msa,Magic Shadow Archiver Atari disk image
mshc,Microsoft Help container
msu,file iconmsu	Microsoft Update Standalone Package
mtf,Darkstone game archive
mtz,Compressed MetaStream scene file
mu_,7-Zip 7z compressed archive
mva,Microsoft setup archive
mvdx,MindView mindmap archive
myo,MYOB data
mzf,MediaZip archive
mzip,Cisco IOS MZIP compressed image
mzz,Microsoft .NET Framework installation package
nbh,file iconnbh	HTC ROM update utility ROM image
nbm,Guy's Power Albums archive
nfp,Data archive
nks,Native Instruments archive file
nkx,Native Instruments Monolith data
nmd,file iconnmd	Nero miniDVD compilation data
nmt,Popcorn Hour A-300 NMT package
npk,MikroTik RouterOS upgrade package
npk,NPK archive
npr,Nuendo file
nsarc,Neurosoft archive
ntfs,7-zip NTFS archive
nuget,NuGet package file
nupkg,NuGet source code package
nw_,Noteworthy Composer compressed data
nwcab,Neat Software cabinet
nxm,Nexus Mod Manager archive
nz,NanoZip compressed archive
oap,file iconoap	Samsung bada signed installation package
oar,OpenSimulator archive
obpack,file iconobpack	ObjectBar theme pack
obr,OSGi Bundle Repository data
oc_,Compressed ActiveX control data
od_,Oracle compressed driver
oop,OOP Packer archive
opg,Offline Plan Generation package
owr,PeopleSoft results archive
oz,Opera Job Management compressed data
p17,PAR recovery volume
p22,PAR recovery volume
p23,PAR recovery volume
p28,PAR recovery volume
pac,CrossePAC archive file
pac,Desperados game archive
pack,GLSL pack
pack.gz,Pack200 compressed archive file
package,Linux Autopackage file
pact,Compact Pro (Compactor) archive
pae,PowerArchiver encrypted archive
pak,CrazyTalk SFX file
pak,Game resource package
pak,ZLIB PAK archive
paq,Hewlett-Packard system backup ZIP data
paq6,PAQ6 data archive
paq8o,PAQ data archive
par2,PAR2 recovery volume
part00000,Ashampoo WinOptimizer split archive (part 1)
part1.exe,file iconpart1.exe	Split Multi-volume RAR compressed self-extracting file archive (part 1)
part1.rar,file iconpart1.rar	Split Multi-volume RAR compressed file archive (part 1)
part10.rar,file iconpart10.rar	Split Multi-volume RAR compressed file archive (part 10)
part11.rar,file iconpart11.rar	Split Multi-volume RAR compressed file archive (part 11)
part2.rar,file iconpart2.rar	Split Multi-volume RAR compressed file archive (part 2)
part3.rar,file iconpart3.rar	Split Multi-volume RAR compressed file archive (part 3)
part4.rar,file iconpart4.rar	Split Multi-volume RAR compressed file archive (part 4)
part5.rar,file iconpart5.rar	Split Multi-volume RAR compressed file archive (part 5)
part6.rar,file iconpart6.rar	Split Multi-volume RAR compressed file archive (part 6)
part7.rar,file iconpart7.rar	Split Multi-volume RAR compressed file archive (part 7)
part8.rar,file iconpart8.rar	Split Multi-volume RAR compressed file archive (part 8)
part9.rar,file iconpart9.rar	Split Multi-volume RAR compressed file archive (part 9)
pax,PAX archive
pck,Program package
pe3,Ulead PhotoImpact image archive
pe4,file iconpe4	Ulead image archive
pea,PeaZip pack encrypt authenticate file
pet,Puppy Linux install package file
pf_,Encore compressed data
pgz,StreamLync download archives
phar,PHP Extension and Application Repository archive
pi$,Microsoft compressed PIF program information
pit,PackIt for Mac compressed archive file
piz,Renamed zip archive
pk1,XS game data
pk2,XS game file
pk7,Casio electronic keyboard data package
pka,PKArc compressed file archive
pkd,Turbo Pascal for DOS compressed batch data
pkg,Archive or installation package
pkg,InstallShield compiled setup package
pkg,file iconpkg	Apple macOS (OS X) installer package
pkg,file iconpkg	Sony PlayStation 3 installation package
pkg_,file iconpkg_	Apple Newton package
plf,PatchLink Patch Developers Kit exported patch archive file
pma,MSX archive format
pn_,CAB archive
pod,Holy Games 2005 game archive
pod,Nocturne game archive
pod,Terminal Velocity archive
ppk,PPK archive
ppz,file iconppz	Microsoft PowerPoint 97/2002 packaged presentation
propdesc,file iconpropdesc	Microsoft property description data
psa,Pretty Simple Archive archive
pug,Prepare Ur Gui archive
pup,Puppy Linux DotPup installer package
pup,file iconpup	Sony PlayStation update
put,PUT compressed data
puz,file iconpuz	Microsoft Publisher packed document
pwzip,Polyworks compressed archive
pz,Compressed PNG image
pz,Panda3D Pzip compressed data
pzip,Zip compressed archive
qar,Quartus II project archive
qcf,QuikCAT compressed data
qch,Qt help compressed help
qda,Quadruple D archive
qif,DESQview compressed font archive
ql$,Microsoft compressed QLB data
qm3,Articulate Quizmaker compressed file
qta,qtar archive
quad,QUAD compressed archive
qze,file iconqze	QZip encrypted data
r00,file iconr00	Split Multi-volume RAR compressed file archive (part 2)
r01,file iconr01	Split Multi-volume RAR compressed file archive (part 3)
r02,file iconr02	Split Multi-volume RAR compressed file archive (part 4)
r03,file iconr03	Split Multi-volume RAR compressed file archive (part 5)
r04,file iconr04	Split Multi-volume RAR compressed file archive (part 6)
r05,file iconr05	Split Multi-volume RAR compressed file archive (part 7)
r06,file iconr06	Split Multi-volume RAR compressed file archive (part 8)
r07,file iconr07	Split Multi-volume RAR compressed file archive (part 9)
r08,file iconr08	Split Multi-volume RAR compressed file archive (part 10)
r09,file iconr09	Split Multi-volume RAR compressed file archive (part 11)
r10,file iconr10	Split Multi-volume RAR compressed file archive (part 12)
r11,file iconr11	Split Multi-volume RAR compressed file archive (part 13)
r12,file iconr12	Split Multi-volume RAR compressed file archive (part 14)
r13,file iconr13	Split Multi-volume RAR compressed file archive (part 15)
r14,file iconr14	Split Multi-volume RAR compressed file archive (part 16)
r15,file iconr15	Split Multi-volume RAR compressed file archive (part 17)
r16,file iconr16	Split Multi-volume RAR compressed file archive (part 18)
r17,file iconr17	Split Multi-volume RAR compressed file archive (part 19)
r18,file iconr18	Split Multi-volume RAR compressed file archive (part 20)
r19,file iconr19	Split Multi-volume RAR compressed file archive (part 21)
r20,file iconr20	Split Multi-volume RAR compressed file archive (part 22)
r21,file iconr21	Split Multi-volume RAR compressed file archive (part 23)
r22,file iconr22	Split Multi-volume RAR compressed file archive (part 24)
r23,file iconr23	Split Multi-volume RAR compressed file archive (part 25)
r24,file iconr24	Split Multi-volume RAR compressed file archive (part 26)
r25,file iconr25	Split Multi-volume RAR compressed file archive (part 27)
r26,file iconr26	Split Multi-volume RAR compressed file archive (part 28)
r27,file iconr27	Split Multi-volume RAR compressed file archive (part 29)
r28,file iconr28	Split Multi-volume RAR compressed file archive (part 30)
r29,file iconr29	Split Multi-volume RAR compressed file archive (part 31)
r30,Split Multi-volume RAR compressed file archive (part 32)
r31,file iconr31	Split Multi-volume RAR compressed file archive (part 33)
r32,file iconr32	Split Multi-volume RAR compressed file archive (part 34)
r33,file iconr33	Split Multi-volume RAR compressed file archive (part 35)
r34,file iconr34	Split Multi-volume RAR compressed file archive (part 36)
r35,file iconr35	Split Multi-volume RAR compressed file archive (part 37)
r36,file iconr36	Split Multi-volume RAR compressed file archive (part 38)
r37,file iconr37	Split Multi-volume RAR compressed file archive (part 39)
r38,file iconr38	Split Multi-volume RAR compressed file archive (part 40)
r39,file iconr39	Split Multi-volume RAR compressed file archive (part 41)
r40,file iconr40	Split Multi-volume RAR compressed file archive (part 42)
r41,file iconr41	Split Multi-volume RAR compressed file archive (part 43)
r42,file iconr42	Split Multi-volume RAR compressed file archive (part 44)
r43,file iconr43	Split Multi-volume RAR compressed file archive (part 45)
r44,file iconr44	Split Multi-volume RAR compressed file archive (part 46)
r45,file iconr45	Split Multi-volume RAR compressed file archive (part 47)
r46,file iconr46	Split Multi-volume RAR compressed archive (part 46)
r47,file iconr47	Split Multi-volume RAR compressed file archive (part 49)
r48,file iconr48	Split Multi-volume RAR compressed file archive (part 50)
r49,file iconr49	Split Multi-volume RAR compressed file archive (part 51)
r50,file iconr50	Split Multi-volume RAR compressed file archive (part 52)
r51,file iconr51	RAR compressed files from a multi-volume archive
r52,file iconr52	RAR compressed files from a multi-volume archive
r53,file iconr53	RAR compressed files from a multi-volume archive
r54,file iconr54	RAR compressed files from a multi-volume archive
r55,file iconr55	RAR compressed files from a multi-volume archive
r56,file iconr56	RAR compressed files from a multi-volume archive
r57,file iconr57	RAR compressed files from a multi-volume archive
r58,file iconr58	RAR compressed files from a multi-volume archive
r59,file iconr59	RAR compressed files from a multi-volume archive
r60,file iconr60	RAR compressed files from a multi-volume archive
r61,file iconr61	RAR compressed files from a multi-volume archive
r62,file iconr62	RAR compressed files from a multi-volume archive
r63,file iconr63	RAR compressed files from a multi-volume archive
r64,file iconr64	RAR compressed files from a multi-volume archive
r65,file iconr65	RAR compressed files from a multi-volume archive
r66,file iconr66	RAR compressed files from a multi-volume archive
r67,file iconr67	RAR compressed files from a multi-volume archive
r68,file iconr68	RAR compressed files from a multi-volume archive
r69,file iconr69	RAR compressed files from a multi-volume archive
r70,file iconr70	RAR compressed files from a multi-volume archive
r71,file iconr71	RAR compressed files from a multi-volume archive
r72,file iconr72	RAR compressed files from a multi-volume archive
r73,file iconr73	RAR compressed files from a multi-volume archive
r74,file iconr74	RAR compressed files from a multi-volume archive
r75,file iconr75	RAR compressed files from a multi-volume archive
r76,file iconr76	RAR compressed files from a multi-volume archive
r77,file iconr77	RAR compressed files from a multi-volume archive
r78,file iconr78	RAR compressed files from a multi-volume archive
r79,file iconr79	RAR compressed files from a multi-volume archive
r80,file iconr80	RAR compressed files from a multi-volume archive
r81,file iconr81	RAR compressed files from a multi-volume archive
r82,file iconr82	RAR compressed files from a multi-volume archive
r83,file iconr83	RAR compressed files from a multi-volume archive
r84,file iconr84	RAR compressed files from a multi-volume archive
r85,file iconr85	RAR compressed files from a multi-volume archive
r86,file iconr86	RAR compressed files from a multi-volume archive
r87,file iconr87	RAR compressed files from a multi-volume archive
r88,file iconr88	RAR compressed files from a multi-volume archive
r91,file iconr91	RAR compressed files from a multi-volume archive
r92,file iconr92	RAR compressed files from a multi-volume archive
r93,file iconr93	RAR compressed files from a multi-volume archive
r95,file iconr95	RAR compressed files from a multi-volume archive
r96,file iconr96	RAR compressed files from a multi-volume archive
r97,file iconr97	RAR compressed files from a multi-volume archive
r98,file iconr98	RAR compressed files from a multi-volume archive
r99,file iconr99	RAR compressed files from a multi-volume archive
rar,WinRAR RAR compressed archive
rar1,RAR archive
rar5,WinRAR 5 compressed archive file
rarx,Renamed RAR archive
rbz,Rail Baron Player saved game
res11,Mike 11 result data
rev,file iconrev	WinRAR recovery volume
rez,LithTech game engine resource data
rez,Resume Divider data
rfa,Battlefield 1942 game archive
rgss2a,RPG Maker VX RGSS encrypted archive
rk,WinRK archive
rnc,RNC ProPack archive file
roa,Remark Office OMR archive
rod,Hot Rod American Street Drag game file
roo,file iconroo	WinRAR archive
rpa,RIB iTWO project archive
rpm,file iconrpm	Linux package manager archive
rpz,Crystal Reports ZIP compressed and encrypted report file
rwp,RapidWeaver web package
rxx,file iconrxx	RAR compressed files from a multi-volume archive
rz,rzip compressed archive
rzr,file iconrzr	Renamed WinRAR archive
s00,Split Multi-volume ZipSplitter compressed file archive (part 1)
s01,Split Multi-volume ZipSplitter compressed file archive (part 2)
s04,Split Multi-volume ZipSplitter compressed file archive (part 5)
s05,Split Multi-volume ZipSplitter compressed file archive (part 6)
s06,Split Multi-volume ZipSplitter compressed file archive (part 7)
s08,Split Multi-volume ZipSplitter compressed file archive (part 9)
s09,Split Multi-volume ZipSplitter compressed file archive (part 10)
s7z,7-zip compressed file
sa5,SecretAgent archive file
sak,Postal game archive
sar,SAGE Timeslips archive file
sar,SAR compressed file archive (SAPCAR archive)
saz,file iconsaz	Fiddler session archive ZIP data
sbc,SBC Smart Book compiled distribution data
sbx,GLBasic Shoebox compressed file
scs,Hunting Unlimited 3 game data
sdi,System Deployment Image file
sdk,ShrinkIt compressed Apple II file archive
sdn,Shareware Distributors Network archive
sea,StuffIt Expander archive format
sea,file iconsea	ShrinkIt self-extracting archive
sed,file iconsed	Self extracting directive file
seg1,Stuffit segment file
sen,file iconsen	Scifer Archiver Internal Archive Format
sfds,Single File Data Storage format
sfl,AGON game file
sfpack,SFPack compressed soundfont
sh,Unix Shell archive
shar,Unix self extracting Bourne shell archive file
shr,Unix Shell archive (SHAR)
sin,SiN game file
sip,Scopetrax compressed sample file
sis,Psion software installation
sis,Symbian installation file
sisx,Symbian OS program installation executable
sit!,StuffIt Expander archive format
sit,file iconsit	StuffIt archive format
sit5,StuffIt 5 archive format
sitd,StuffIt archive
sithqx,StuffIt compressed archive
sitx,StuffIt archive
sle,Steganos Security Suite virtual secure drive
slf,Jagged Alliance 2 game file
smilebox,Smilebox Starter archive
sna,Drive SnapShot disk image
snagitstamps,SnagIt archive
snap,Snappy package
snappy,Snappy compressed data
sni,MDK game archive
snoop,Sun SNOOP capture file format
solitairetheme8,LoversLab renamed RAR archive
soundpack,Stardock SoundPackager sound package
spar,Simple Perl ARchive manager file
spk,Synology DiskStation DSM package file
spkg,Sage package
split,Split data
sqfs,SquashFS bootable file
sqh,Harbinger game file
sqx,SQX Archiver compressed archive
srep,SuperREP archive
srr,ReScene Data Recovery archive
ssa,Visual SourceSafe backup archive
ssy,ScreenShare compressed data
stuff,Eve Online game archive
su?,Standard mail archive file
sue,SUE ARC archive
swm,file iconswm	Windows Imaging Format split archive
sxf,Secure eXchange Format
szdd,Compressed archive
t,TAR Tape Archive without compression
ta_,7-Zip 7z compressed archive
tar,Unix standard Archive format, Tape Archive
tar-gz,Gzip compressed TAR archive
tar-z,TAR compressed archive
tar.gz,Old version Gzip compressed TAR Archive
tar.xz,XZ compressed TAR archive
tar.z,Tar.Z compressed archive
taraa,Linux TAR split archive file
tardist,Tardist compressed archive
taz,file icontaz	TAR compressed archive
tbz,bzip2 compressed TAR archive
tbz2,BZIP/TAR compressed archive
tck,BMIScan compressed archive
td?,TeleDisk archive file
tex,Hitman game file
texturepack,Arena Wars texture pack
tg,Gzip compressed tar archive
tgz,Gzip compressed TAR archive
tld,Teledisk disk archive file
to4,Top 4 compressed data file
tos,Atari ST TOS archive
tot,LG firmware archive
tpz,TAR.GZ compressed file archive
tsk,file icontsk	Windows Mobile skin or theme
tx_,Compressed txt file
txz,XZ compressed TAR archive
tz,TAR.Z compressed file archive
tzb,TAR.Z.btoa compressed file archive (TAR - Compress - Btoa)
tzip,Tzip archive
u3p,U3 Platform install data
uax,file iconuax	Unreal audio package
uc2,UltraCompressor II compressed archive
ufdr,UFED Physical Analyzer report package
ufo,Total Annihilation third-party unit data
ufs.uzip,FreeBSD Compressed Unix File System file
uha,UHARC compressed archive
ums,Dragon UnPACKer 5 archive
umx,file iconumx	Unreal Engine music package
unitypackage,Unity package
upx,Ultimate Packer for eXecutable archive
uti,SafeGuard PrivateCrypto encrypted archive file
utx,file iconutx	Unreal texture
uue,UUEncoded data
uvz,DECE ZIP compressed data
uze,UltimateZip compressed archive
uzip,FreeBSD compressed disk image
vem,Sony Micro Vault compressed file
vfs,UFO game archive
vl2,Tribes 2 game data
vmk,Visual Module of Knowledge Data
vnw,file iconvnw	Renamed RAR archive
vol1.egg,Split Multi-volume ALZip EGG compressed file archive (part 1)
vol5.egg,Split Multi-volume ALZip EGG compressed file archive (part 5)
volarchive,CopyCatX volume file
vsa,file iconvsa	Symantec Virtual Package Editor virtual software archive
vsi,file iconvsi	Visual Studio Content Installer data
vsix,file iconvsix	Microsoft Visual Studio extension package
vty,ViTALiTy warez release file
vxp,Maui Runtime Environment application
w2b,WinBackup archive file
w32,Win 32 package file
wad,Theme Park World game archive
wad,WAD Manager Wii channel archive file
wad,file iconwad	Quake engine texture file
waff,IE for Mac saved web page file format
wapt,WAPT package
war,Archived Konqueror HTML page
war,file iconwar	Java web archive
warc,Web ARChive file format
wbpz,ANSYS update package
wdz,WinDev ZIP archive
webarchive,file iconwebarchive	Apple Safari web archive
wfa,WinFax Pro archive
wgz,S60 Web Runtime Widget package file
wlpk,Renault R-Link update package
wmz,Windows Media Player compressed skin
wra,Wraptor compressed archive
wrc,FreeArc archive file
wrz,Cosmo Player VRML worlds
wsz,file iconwsz	Winamp ZIP compressed skin
wwa,WebSite-Watcher archive
wz,MapleStory game data archive
wzp,AMP1-16 renamed ZIP file
x,Alysis SuperDisk self-extracting archive
x13,Hooligans game archive
xap,file iconxap	Microsoft Windows Phone and Microsoft Silverlight application package
xar,eXtensible ARchiver archive
xcp,Xbox compressed package
xcr,Warlords Battlecry game file
xdelta,Xdelta binary differential data
xez,X-Genics eManager template package
xfl,file iconxfl	Adobe Flash exchange data
xmcdz,PTC Mathcad compressed worksheet
xmi,XMill compressed XML file
xrs,Dig It! game file
xsn,file iconxsn	Microsoft Office InfoPath template form
xtr,RealArcade compressed data
xx,XXEncoded data
xxl,File Archive Handler compressed archive
xz,XZ Utils compressed archive
xzm,Porteus Linux package
y,Amiga Yabba compressed archive
yar,YAK compressed archive
yaz0,YAZ0 compressed archive
ymp,YaST metapackage
yrcbkm,YRC Weblink bookmarks archive file
yz,YAC compressed archive
yz1,Yamazaki zipper archive
z,InstallShield archive file
z,file iconz	Unix compressed archive
z01,file iconz01	Split Multi-volume ZIP compressed file archive (part 2)
z02,file iconz02	Split Multi-volume ZIP compressed file archive (part 3)
z03,file iconz03	Split Multi-volume ZIP compressed file archive (part 4)
z04,file iconz04	Split Multi-volume ZIP compressed file archive (part 5)
z05,file iconz05	Split Multi-volume ZIP compressed file archive (part 6)
z06,file iconz06	Split Multi-volume ZIP compressed file archive (part 7)
z07,file iconz07	Split Multi-volume ZIP compressed file archive (part 8)
z08,file iconz08	Split Multi-volume ZIP compressed file archive (part 9)
z09,file iconz09	Split Multi-volume ZIP compressed file archive (part 10)
z10,file iconz10	Split Multi-volume ZIP compressed file archive (part 11)
z11,file iconz11	Split Multi-volume ZIP compressed file archive (part 12)
z12,file iconz12	Split Multi-volume ZIP compressed file archive (part 13)
z13,file iconz13	Split Multi-volume ZIP compressed file archive (part 14)
z14,file iconz14	Split Multi-volume ZIP compressed file archive (part 15)
z15,file iconz15	Split Multi-volume ZIP compressed file archive (part 16)
z16,file iconz16	Split Multi-volume ZIP compressed file archive (part 17)
z17,file iconz17	Split Multi-volume ZIP compressed file archive (part 18)
z18,file iconz18	Split Multi-volume ZIP compressed file archive (part 19)
z19,file iconz19	Split Multi-volume ZIP compressed file archive (part 20)
z20,file iconz20	Split Multi-volume ZIP compressed file archive (part 21)
z96,Split Multi-volume ZIP compressed file archive (part 97)
zab,Zipped audio book
zabw,G-Zipped AbiWord document
zap,FileWrangler archive
zar,ZEMAX archive
zba,Compressed data
zda,Furuno GP32 ZDA compressed archive
zdb,CostOS Estimating zipped resources database
zds,DVDSubber DVD subtitles and DVD scripts
zet,ZET compressed archive
zfc,Back4Win Backup archive file
zfs,Interstate '76 and '82 game archive
zfsendtotarget,Windows XP ZIP Compressed Folder
zi,Renamed ZIP archive
zim,Wiki archive file
zip,file iconzip	ObjectBar theme pack file format
zip,file iconzip	WinZIP Compressed ZIP archive
zip2,StuffIt archive
zipx,file iconzipx	Extended Zip archive
zl,Zlib compressed archive
zlg,e-Surveiller log archive file
zlib,Zlib archive
zom,Zoom compressed Amiga file archive
zoo,file iconzoo	ZOO Compressed file
zpaq,ZPAQ compressed archive
zpk,Z-Firm package
zsplit,Incredible Bee Archiver split archive
ztd,Zoo Tycoon game file
zx01,Extended ZIP split archive
zx02,Extended ZIP split archive
zxp,file iconzxp	Adobe zip format extension package
zz,ZZip compressed archive
