256,Atari picture image
695,RISC OS GIF image file
697,RISC OS PCX bitmap image file
[b],Amiga paint image file
0-r,PNG image
00_jpg_srb,JPEG bitmap image
00_jpg_srz,Wix compressed picture image file
00_png_srz,Wix Portable Network Graphic image
1-p,PNG file
10x,Gemini 10x printer bitmap graphics file
16,ISOLINUX splash screen graphic (LSS16)
24b,24-bit graphic file
2bp,Pocket PC bitmap file
301,Brooktrout 301 image file
3r,Arbortext Advanced Print Publisher raster image
4mi,AtariTools-800 4 missiles
4pl,AtariTools-800 4 players
4pp,PhotoParade slideshow file
600x,Image file
69c,RISC OS BMP Windows bitmap image file
73i,TI bitmap file
82i,TI bitmap file
83i,TI bitmap file
85i,TI bitmap file
86i,TI bitmap file
89i,TI bitmap file
8xi,TI-83/84 Plus picture file
92i,TI bitmap file
9xi,Texas Instruments TI-92 Plus bitmap file
a4r,Anime 4ever picture image
a8,Cubicomp PictureMaker 3D animation file
aai,Dune HD Player AAI graphics image file
abt,ABC-View Manager thumbnail file
acbm,Amiga Continuous Bitmap format
acc,MS Image Composer
accountpicture-ms,Microsoft Windows account picture
ace,Aces200 image file
ach,Speccy ZX Spectrum snapshot file
acorn,Acorn draw file
acr,Bitmap graphics
acr,Dicom medicine image file format
adc,Scanstudio 16 colours bitmap graphics
adex,Adex bitmap graphics file
adx,ALSee thumbnail file
afi,Aperio AFI picture image file
agif,Active GIF Creator project file
agp,ArtGem project file
agp,AtariTools-800 picture image
ahf,Bitmap graphics file
ahrp,Apple II+ image file
aic,Advanced Image Coding file
aid,ACDSee Classic thumbnail file
aim,SCANCO Medical image format
aio,Bitmap file
ais,Alto subsystem AIS (Array' of Intensity Samples) file
alias,Alias image file
all,Atari picture image
als,Alias image
anv,AirNav image file
ap2,Atari picture image
ap3,Atari picture image
apalbum,Apple Aperture album
apc,Atari picture image
apd,ACDSee picture image file
apl,Atari Player Editor picture image
apn,Alpine wallpaper file
apng,Animated portable network graphics file
app,Atari picture image
apt,APT encoded bitmap file
apu,Canon G3 corrupted RAW file
apv,Atari picture image
apx,Ability Photopaint image file
arf,FITS auxiliary response file
arf,Axon RAW Format
arn,Astronomical Research Network image format file
ars,Aries (DIPIX) image
art,Ascii-Art Editor picture image
art,Art Director for Atari ST picture image
artwork,ArtStudio image file
arw,ArtStudio image file
atk,Andrew Toolkit raster object file
att,AT&T Group 4 bitmap graphics file
avs,Stardent AVS X bitmap image file
avt,Savy Soda Avatar for iPhone avatar file
axi,AXon Image format
b&w,Bitmap image
b16,PCO image file
b60,RISC OS PNG bitmap image file
b8,Bitmap file
ba0,B.O.U.T. Evolution texture file
ba2,B.O.U.T. Evolution low res texture file
bay,Casio RAW picture image file
bb4,BBC Micro picture image
bb5,BBC Micro picture image
bbm,Deluxe Paint bitmap image file
bdf,X11 Bitmap Distribution Format
beam,Amiga multi-palette file
bfl,BFLI image format
bfli,BFLI image format
bg9,Atari picture image
bga,OS/2 graphic array
bgb,Beck Graphics Bitmap file
bgp,Bugbiter APAC239i picture image
bie,JBIG image
bif,byLight image format
big,Michelin autoroute maps image file
bil,ArcView band interleaved by line image format
bil,Satellite image file
bip,ArcView band interleaved by pixel image file
bit,X11 bitmap file
bitmap,X Window System bitmap image file
bkg,Movie Maker background
bl,Binary linework TIFF bitmap
bl1,DEGAS Elite block
bl2,DEGAS Elite block
bl3,DEGAS Elite block
blz,Bitmap graphic file
bm,X Windows system bitmap image
bm2,Subspace/Continuum bitmap graphic
bml,BPM Studio skin bitmap
bmp,Alpha Microsystem image file
bmp,Standard Windows bitmap image
bmp_,Standard Windows Bitmap image file
bmp24,Bitmap graphic file
bmpp,Microsoft Windows bitmap file
bmx,BMXdesign extended bitmap graphic file
bmz,Compressed bitmap file
bob,BOB Raytracer bitmap image file
bp,Binary Picture TIFF image
bpg,Better Portable Graphics picture image file
bpp,BatchPhoto project file
bpt,CorelDRAW bitmap master file
bpx,Truevision Targa bitmap image
bru,DEGAS Elite brush
brush,Xerox Doodle Brush bitmap image file
bsq,ArcView band sequential image file
btn,Just Buttons animated bitmap image file
btpc,BTPC encoded bitmap file
buc,ACDSee BUC image file
bum,Poser Bump files image format
bw,Silicon Graphics image file
bwc,BeadWizard color palette
c4,JEDMICS bitmap picture
c85,RISC OS JPEG bitmap image file
ca1,CrackArt picture image
ca2,CrackArt picture image
ca3,CrackArt picture image
cal,CALS Raster image
cam,Casio QV digital CAMera image file
can,Canon Navigator fax file
cbm,Bitmap image format
ccc,Curtain Call bitmap image
cch,Photomodeler photochip thumbnail file
cci,Champions' Interlace compressed picture image
ccrf,Calcomp raster bitmap image file
cd5,Chasys Draw image file
cdg,Compact Disc Plus picture image file
cdr3,CorelDRAW 3 for Mac vector or bitmap image
cdr4,CorelDRAW 4 for Mac vector or bitmap image
cdr5,CorelDRAW 5 for Mac vector or bitmap image
cdr6,CorelDRAW 6 for Mac vector or bitmap image
cdrw,CorelDRAW for Mac file
cdrzip,DICOM compressed image file
ce,Digital Vision Computer Eyes IFF bitmap file
ceg,Tempra Show bitmap graphic file
cel,Lumena CEL bitmap image file
cex,ThumbsPlus image file
cfp,bitmap native format for CoverFactory
cg4,CALS Group IV bitmap graphics file
cim,C Text Mode image file
cimg,CImg image file
cin,Champions' Interlace picture image
cin,Kodak Cineon image
clgx,Collage Maker collage
clip,Clip Studio Paint picture image
clp,Bitmap image file
cmp,LEAD 1BIT bitmap picture
cmp,Discorp CMP JPEG image file format
cmu,CMU Window Manager bitmap image
ccyan, magenta yellow and black bytes bitmap image file
cmcyan, magenta yellow black and alpha samples image
cng,National Geographic image file
col,Technicolor Dream picture image
core,Core bitmap image file
cpa,Prism picture image
cpbitmap,Apple iPhone bitmap wallpaper file
cpd,Compression PhotoDefiner image file
cpd,CorelDRAW Corel PrintOffice drawing
cph,Corel Print House printing project file
cpr,Trzmiel compressed picture image
cpt,Corel PHOTO-PAINT bitmap file
cpt,Canvas for Atari ST picture image
cr,Iris CT format bitmap image
crf,Calcomp raster file
crs,Opton scanner file
cs1,Sinar CaptureShop
ct,Contone printer file
ct,SciTex continuous Tone bitmap image (32bit CMYK)
ct,IRIS CT image file
ctf,GammaFax TIFF compressed file
cube,Cubicomp/Vertigo image file
cut,Cut Creator picture image
cut,Dr. Halo bitmap format
cvs,Canvas bitmap or vector image
cwgr,ClarisWorks drawing file
cwpt,ClarisWorks Painting drawing file
d3d,DeltaVision image file
d3s,Nikon image format
d3x,Nikon image format
dah,AutoPlay Media Studio splash image file
dc1,DuneGraph compressed picture image
dcm,Dicom medicine image file format
dct,DALiM LiTHO continuous tone bitmap file
dcx,Zsoft PC Publisher's Paintbrush picture
ddb,Device dependent bitmap graphics file
dds,DirectDraw surface file
del,DelmPaint picture image
design,Microsoft Expression Design drawing file
dg1,DuneGraph picture image
dgc,DuneGraph compressed picture image
dgf,Tajima Embroidery Design thumbnail file
dgi,Atari picture image
dgp,ATARI picture image
dgu,DuneGraph picture image
dhp,Dr. Halo II-III bitmap file
dhr,Amiga multi-palette file
dhr,Apple II bitmap image
dhrp,Apple IIe or Apple IIc double hi-res image file
dub,Device-Independent bitmap graphics
dic,Medicine image file
dicm,DICOM medicine picture
dicom,Medicine image file format
din,Atari picture image
dip,Windows bitmap format
dis,DKB ray-tracer image file
dlm,Dir Logo Maker picture image
dng,Adobe Digital Negative file
dph,DelmPaint picture image
dpx,Kodak Cineon image format file
dpx,Digital Moving Picture Exchange bitmap file
dr,Amiga multi-palette file
drg,Atari CAD bitmap image
drg,Digital Raster Graphics
drv,Traverse PC Desktop drawing file
drw2,Canvas 3.5 Drawing file
drw5,Canvas 5 drawing file
dt2,Microsoft Live Messenger avatar file
dtw,My Better Desktop Wallpaper file
du1,Atari ST picture image
du2,Atari ST picture image
duo,Atari ST picture image
dv,DeltaVision image file
dzi,PhotoSynth Deep Zoom Image file
ebmp,EBMP bitmap format
ecw,Enhanced Compressed Wavelet image format
ed5,EDMICS picture image file
ega,EGA bitmap file
egc,GIF Creator project file
ei,Electric Image image format
eidi,Electric Image EIDI file
emf,Enhanced Windows Metafile picture
eosat,LANDSAT/EOSAT Satellite picture data image format
epa,Award Bios Logo image format
eri,ERI-chan (Entis Rasterized Image) image format
esc,ATARI picture image
esm,Enhanced Simplex image file
eve,Embedded Vector Editor diagram file
exif,Exchangeable image file
exp,BD Pathway image file
exr,OpenEXR Image Format
ezp,MegaView image file
fac,UNIX FaceSaver bitmap image
face,UNIX FaceSaver bitmap image file
fal,Bitmap graphics image header information Q0
fbm,Fuzzy bitmap image file
ff0,RISC OS TIFF bitmap image file
ff9,Acorn RISC OS bitmap image sprite file
fff,Maggi Hairstyles & Cosmetics image file
ffli,Flickering Flexible Line Interpretation format
ffpx,Microsoft Fresh Paint picture image
fgd,Digital raster graphic metadata file
fi,Flash Image image file
fido,Kodak Cineon image format
fif,Fractal Image Format file
fil,Symbian application logo file
flif,Free Lossless Image Format
fmj,FaceMorpher project file
fp,Vinal Page Vector TIFF image
fpg,DIV Games Studio Multi Map image format
fpix,FlashPix bitmap image
fpos,Photo Pos Pro image file
frdat,ABBYY Finereader file
fre,Male MRI (Male Normal CT) image format
frf,Ginga X-Ray first reduction file
frm,Corel Painter frame stack file
fsy,PhotoFantasy Image picture file
ftc,Atari Falcon True Color format
fwa,Fun with Art picture image
fxr,WinFax image
g00,Clannad picture image file
g09,ATARI picture image
g10,Atari Graphics 10 picture image
g11,Atari Graphics 11 picture image
g1r,Casio Model 9860 image file
g3p,Casio Prizm graphics
gaf,Total Annihilation animated bitmap format
gar,Google avatar file
gbm,MapServer bitmap store file
gbp,Genesis Enterprise bitmap pattern file
gel,Molecular Dynamics image file
gfb,GIFBlast compressed GIF image file
gfb,DeskPic for Atari ST picture image
gg,Koala Paint compressed image file
ghg,Gephard Hires Graphics picture image
gif,Graphics interchange file format
gif_160x120,GIF Image file
gif~c200,Graphics Interchange Format
gif89a,GIF 89a image file
giff,CompuServe bitmap image(Graphics Interchange Format)
gih,GIMP animated brush
gis,Erdas gray-scale bitmap image
gm,Autologic bitmap image file
gm4,Autologic bitmap image
gmbck,Game Maker background image file
god,GodPaint picture image
goo,Kai's Power Goo picture file
gpd,Graphic PhotoDefiner image file
gr7,ATARI graphics 7 file
gr8,ATARI graphics 8 file
gr9,ATARI Graphics 9 picture image
graf,Digital F/X image file
grb,HP-48 GROB bitmap image file
grk,Kreon scanner file
gro,HP-48/49 grob graphic image format
grob,Graphic Object Bitmap file
gtx,Genetica seamless texture format
gun,Gunpaint bitmap image
ham,Amiga hold and modify image
ham6,Amiga Hold-And-Modify 6 file
ham8,Amiga Hold-And-Modify 8 file
hc,High Resolution Cantone TIFF bitmap
hci,Atari picture image
hdp,HD Photo
hdr,Photomatix HDR image file
hdri,HDRI image file
hdru,Apollo HRDU image format
hed,Hi-Eddi image file
hf,HF image format
hfc,Hires FLI Designer picture image
hgb,Amstrad CPC bitmap format
hgr,Apple II bitmap image
hip,Atari HARD Interlacing Picture format
hips,Bitmap file
hlr,Attributes Gigascreen picture image
hmr,GeoTIFF bitmap file
hpe,Canon JPEG file
hpi,Hemera Photo Image format
hpm,Grass' Slideshow picture image
hr,Atari picture image
hr,TRS 80 image file format
hr2,Atari picture image
hrf,Hitachi CADCore raster format file
hs2,HyperRESEARCH postering monochrome image file
hsi,Handmade Software bitmap image
hsi,HSI JPEG bitmap file
hta,Hemera thumbs image file
htd,Applied Precision CellWorX picture image file
huf,Huffman encoded file
huge,iFixit JPEG picture file
i17,Pixel PowerCollage image file
i61,LogoManager image
iax,IBM Image Access eXecutive bitmap file
ibm,Commodore Amiga graphics file
ic1,Atari bitmap image file
ic2,Atari bitmap image file
ic3,Atari bitmap image file
icb,Truevision Targa format
icn,Atari ICE CIN picture image
ico,Icon file
ico_,Icon file
icon,Icon image file
icr,NCSA Telnet Interactive color raster graphic file
id,AOL Instant Messenger buddy icon
idc,Core Software tech IDC file
idrc,Adobe InDesign resource file
idrw,Claris Impact drawing file
ief,Bitmap Image Exchange file
iefs,Bitmap Image Exchange file
iff,Autodesk Maya image interchange format
iff,Amiga Interchange File format
ig,Instagram JPEG picture image file
ige,Erdas Imagine Large Raster Spill file
ige,Interlace Graphics Editor picture image
igi,Indigo Renderer picture image file
igo,Instagram JPEG picture image
ilbm,Interleaved bitmap file
ilc,Atari picture image
ild,Interlace Logo Designer picture image
im,SunOS grey scale bitmap file
im1,Sun raster file
im24,Bitmap graphic file
im32,Sun 32bit raster file
im5,Visilog image file
image,Bitmap picture
img,Bitmap picture
imj,Pegasus Image Corp format bitmap graphics file
imn,Atari ICE MIN picture image
imq,NASA planetary image file
inb,Motorola MMS file
inf,Ulead Photo Explorer thumbnail cache file
info,Amiga icon data file
ing,ING 15 picture image
ingr,Intergraph Raster File Format
ink,InkML image file
inp,ATARI picture image
int,Silicon Graphics image file format
int,INT95a picture image
inta,Silicon Graphics image file
ioca,IBM Image Object Content Architecture (IOCA) bitmap graphics file
ip2,Atari ICE PCIN+ picture image
ipc,ICE PCIN picture image
ipick,iPick Football picture image file
ipl,IPLab image format file
ipx,Ipix spherical panorama file
ir2,Super IRG 2 picture image
iraf,IRAF file
irg,Super IRG picture image
isf,InfoNet snapshot file
ish,Image Speeder image
ism,Image System (Multicolor) image format
iso,CALS ISO 8613 bitmap graphics file
isq,MicroCT image file
ist,Interlace Studio picture image
itc2,Apple iTunes Cover Flow data
itg,Intergraph format bitmap graphics
ivb,Truevision Targa format bitmap graphics file
ivp,Truevision Targa bitmap image
ivue,Live Picture image file
iw4,DjVu image format
iw44,DjVu image format
j j,JPEG/JFIF image file
j2c,JPEG2000 image format
j2k,JPEG2000 code stream image
j6i,Ricoh Digital Camera image file
jag,Atari Jaguar JPEG compressed image
jap,JAlbum album file
jas,Corel PaintShop Photo Pro bitmap graphics file
jascproject,Jasc Paint Shop Photo Album project file
jb2,JBIG2 image file
jbg,Image JBIG 1-bit raster file
jbig2,STDU Viewer JBIG file
jbr,Corel PaintShop Photo Pro brushes file
jfi,JPEG File Interchange Format
jfif,JPEG Interchange format file
jfif-tbnl,JPEG picture file
jfx,J2 fax file
jgp,Jet Graphics Planner picture image
jif,JPEG Interchange format file
jif,Jeff's Image Format file
jiff,JPG bitmap image
jj,Doodle C64 Compressed image format
jls,JPEG-LS image format
jmg,Bitmap image
jmh,JPEG File Interchange Format bitmap file
jng,JPEG Network Graphic file
jp2,JPEG 2000 (ISO 15444-1) picture
jpc,JPEG2000 code stream image format
jpd,Joint PhotoDefiner image file
jpe,JPEG bitmap image format file
jpeg,JPEG bitmap image format file
jpeg_128x96,Android picture file
jpeg_160x120,160 x 120 pixels JPEG image
jpeg_170x220,170 x 220 pixels JPEG image
jpf,JPEG 2000 extended image format (ISO 15444-2)
jpg,CompactDRAW e-JPG graphic file
jpg,JPEG bitmap image format
jpg_108x192,Android picture file
jpg_120_178,Android picture file
jpg_128x128,Android picture file
jpg_128x160,Android picture file
jpg_128x96,Android picture
jpg_160x120,Android picture
jpg_160x128,Android picture
jpg_170x128,Android picture
jpg_170x220,Android resized picture
jpg_220x176,Android picture file
jpg_240x320,Android picture image
jpg_320x240,Android picture file
jpg_320x320,Android picture
jpg_480x320,Android picture file
jpg_512x512,Android picture file
jpg_56x42,Android picture image
jpg_t,JPEG image file
jpg_thumb,JPG thumbnail image
jpg-large,Twitter JPEG picture file
jpg-original,JPEG picture image
jpg2,JPEG 2000 image format (ISO 15444-1) file
jpge,Mistyped JPEG bitmap image
jpig,JPiG picture image format
jpm,JPEG 2000 multi-layer image format (ISO 15444-6) file
jpx,JPEG 2000 extended image format (ISO 15444-2) file
jsl,Corel PaintShop Photo Pro shapes file
jtf,JPEG Tagged Interchange Format image
jtif,JPEG Tagged Interchange file
jxr,JPEG XR image
k25,Kodak DC25 digital camera file
kdi,KD Player skin image file
kdk,Kodak proprietary decimated TIFF file
kfx,Kofax Group 4 bitmap graphics
kic,Kodak compressed image file
koa,Koala paint C64 file format
kodak,Kodak Photo CD file
kpr,Kompresor do Animatora picture image
kps,IBM KIPS bitmap image graphics
kro,Kolor RAW format
landsat,EOSAT's Landsat Thematic Mapper data file
lansat,EOSAT's Landsat Thematic Mapper data file
lbm,Interleaved bitmap image
lce,ZX Spectrum 128 laced screen
lcf,LICEcap screen capture format
ldf,LuraDocument Format image format file
ldm,Ludek Maker picture image
lei,Leica SP1 image session file
leo,Larka Edytor Obiektów picture image
lff,LucasFilm Format image format
lfs,Samsung test picture image file
lgo,Microsoft Windows 3.x logo driver file
ljp,Lossless JPEG bitmap image file
ljpg,Lossless JPEG image
lm8,Graphics image file
lp3,Logo Painter 3/3+ picture image
lrg,Macromedia XRes multi-resolution bitmap file
lsm,Ziess LSM microscope image
lum,Technicolor Dream picture image
lw,Line Work TIFF bitmap file
mac,MacPaint bitmap image
macp,Apple Macintosh MacPaint bitmap image
mag,Magichan graphics image format
map,Envision picture image
mask,Cygwin bitmap file
mat,Vue material file
max,XL-Paint MAX picture image
mbfavs,Stardent AVS X bitmap image file
mbfs,Stardent AVS X bitmap image file
mbfx,AVS X image file
mbg,Mad Designer picture image
mbm,EPOC multi-bitmap file
mch,Graph2Font picture image
mcp,McPainter picture image
mcpp,ATARI Paradox picture image
mcs,MathCAD raster picture
mcs,Atari picture image
mg8,MultiArtist picture image
mgp,Magic Painter picture image
mgr,MGR bitmap image
mic,Micro Illustrator picture image
miff,Magick image file format
mil,Micro Illustrator uncompressed image file
mip,Corel PaintShop Pro multiple image print file
mis,AtariTools-800 missile
mitsu,Mitsubishi Printer bitmap image file
mix,Microsoft PhotoDraw image
mjpg,Motion JPEG Video
mki,MagView Japanese graphics MAKIchan bitmap file
mmr,Fuji Xerox fax image file
mng,Multiple Network Graphics
mono,Bi-level bitmap
mp,Monochrome picture TIFF/IT bitmap file
mp,Amiga multi-palette file
mpc,Magick Persistent Cache image file format
mpnt,MacPaint image format
mpo,CIPA Multi-Picture format
mpp,Atari ST multi palette picture
mpt,Multipage TIFF Editor bitmap file
mraw,Photron camera RAW image file
mrb,C++ multiple resolution bitmap graphic file
mrc,Medical Research Council file
mrf,Marks Russel Format raster image
msp,Microsoft Paint bitmap picture
mtiff,Multi-page Tiff file format
mtv,MTV Ray-Tracer image format
mvc,Sony Digital Mavica photo image file
mvm,MAGIX PhotoStory on DVD slideshow
mxi,Maxwell Render image file
ncr,NCR Image image format
ncsa,Hierarchical Data File
nd2,Nikon NIS-Elements ND2 image
ndpr,NanoZoomer Digital Pathology image format
neo,Atari NeoChrome bitmap image
ngg,Nokia Group Graphics image format
niff,NIFF Navy Image File Format file
nlm,Nokia Logo file image format
nol,Nokia Operator Logo image format
nth,ImageMagick VisualMagick JBIG file
nvg,Nokia N8 image file
oa0,B.O.U.T. Evolution texture file
oaz,NetFax Manager OAZ fax image
oda,CALS Group IV type 2 raster image file
odf,HMI Builder operator display file
oil,Open Image Library Format image format
ome,Open Microscopy Environment OME image file
oplc,Nokia logo file
ora,MyPaint Open Raster graphic file
otb,Nokia OTA bitmap file
otf,DeltaVision image file
oti,OpenDocument image template file
ozj,Mu Online graphic file
p2,Pict2 picture image
p4i,Commodore 16 picture image
p7,XV Visual Schnauzer bitmap format
pac,Kodak Photo-CD multi-resolution image
paint,Apple Macintosh MacPaint bitmap file
pam,Portable arbitrary map
pamp,PowerAMP album art
pan,SmoothMove Pan Viewer image file
pap,PanoramaStudio project file
pattern,PhotoLine 5 Default file
pbf,Portable bitmap format file
pbm,Xlib bitmap graphics file
pbm,Portable bitmap picture
pbmb,Portable bitmap image format
pbmv,Portable bitmap file
pbt,Micro Dynamics MARS image format
pbw,Photobucket slideshow file
pc1,Atari Degas image
pc2,Atari Degas image
pc3,Atari Degas bitmap image
pcc,ZSoft PC Paintbrush format
pcs,PhotoChrome picture image
pct,Picture file
pct,Apple Macintosh QuickDraw/PICT bitmap graphics format
pcx,Paintbrush bitmap image
pcx_,Paintbrush bitmap graphics file
pd,Male Normal CT image format
pdb,MonkeyCard image format file
pdd,Corel PaintShop Photo Pro bitmap graphics file
pdn,Paint.NET picture format
pen,Logitech io2 drawing
pet,Macintosh PICT image file
pfi,Panorama Factory bitmap image file
pfi,PhotoFiltre Studio image file
pfn,Portable Bitmap file
pg,Image PrintFox / PageFox
pgal,My Pictures 3D Album gallery file
pgm,Portable graymap file format
pgma,ASCII Portable Gray Map format
pgmb,Binary PGM file
pgn,Picatinny Arsenal Electronic formstore file
pgx,Portable graphics format file
phd,PhotoDirector project
pi,Bitmap image
pi[1-6],Degas Elite image format
pi1,Atari Degas bitmap image
pi2,Portrait Innovations high resolution image file
pi2,Atari DEGAS picture image
pi3,Atari Degas image
pi4,Atari Degas image file
pi5,Atari Degas image file
pi6,Atari Degas image file
pi9,Fuckpaint picture mage
pic,Picture image
picio,PIXAR picture file
picnc,Houdini 3D compositing image file
picon,Personal icon file
pict,Bitmap graphics file format
pict1,Apple QuickDraw picture file
pict2,Apple Macintosh QuickDraw/PICT bitmap graphics format
pictclipping,Picture Clipping file
pictor,PCPaint image file
pip,Compressed bitmap picture file
pix,Bitmap image file
pixar,PIXAR image
pixelpaint,PixelPaint Professional image file
pj,HP PaintJet PCL bitmap image file
pjg,packJPG lossless JPEG compression file
pjpeg,JPEG image
pjpeg,Microsoft Rights Management protected JPEG file
pjpg,Microsoft Rights Management protected JPG file
pl4,Atari ST picture image
pla,AtariTools-800 player
plm,Atari picture image
plt,BioWare Infinity game engine bitmap graphic file
pm,X Window PixelMap bitmap graphics file
pm,OS/2 Presentation Manager bitmap graphics file
pmb,Polar Uplink Tool bitmap file
pmd,PMG Designer picture image
png,Portable Network Graphic
png,Adobe Fireworks proprietary PNG file
png-large,TweetDeck png image
png24,Portable Network Graphics
png32,Portable Network Graphics file
png8,8bit Portable Network Graphics file
pngt,Apple Macintosh Paint image
pnl,Applied Precision CellWorX picture image file
pnm,Portable anymap bitmap graphic
pnt,Apple MacPaint format graphic file
pntg,Apple Macintosh MacPaint bitmap graphics
pop,Samsung Popcon animation
pp4,Micrografix Picture Publisher bitmap graphics file
pp5,Micrografx Picture Publisher 5 bitmap file
ppm,Portable pixelmap graphic
pps,Corel PaintShop Photo Pro image file
pr,Sun icon file
prf,Fastgraph bitmap graphics
prn,Calcomp Raster graphics file
prv,E-on Vue preview picture file
psd,Adobe Photoshop graphics file
psdx,Adobe Photoshop Touch graphics file
pse,Adobe Photoshop Elements project file
pse,IBM Printer Page Segment bitmap graphics
pseg,IBM printer page segment bitmap file
psp,Corel PaintShop Photo Pro image file
pspimage,Corel Paint Shop Pro picture
ptif,Pyramid encoded TIFF bitmap graphics
ptk,Presentation Text Object Content Architecture format
puzz,X11 Puzzle bitmap graphics
pwp,Seattle FilmWorks / PhotoWorks image file
pxa,Pixia Color Painter file
pxd,Pixlr layered image file
pxn,PictureWorks PhotoEnhancer image file
pxr,Pixar picture file
pyxel,Pyxel Edit picture image
pzl,Unix Puzzle bitmap graphics
pzm,Atari picture image
pzs,MGI PhotoSuite slide show file
q0,Japanese Q0 bitmap image
qad,Corel WordPerfect Office thumbnail file
qdv,Random Dot QDV bitmap image
qmg,Samsung theme picture image - qmage file format
qrt,Qrt Ray-Tracer ray-traced bitmap image
qs4,Sinclair QL hires screen
qtk,Apple QuickTake picture
qtl,YUV SECAM or PAL image
r3d,DeltaVision image file
rap,Vidig Paint picture image
ras,Sun raster bitmap
rast,Sun raster bitmap image file
raw,Digital camera photo RAW image format
raw,ISIS RAW file format file
raw,Adobe Photoshop RAW file
raw,XL-Paint MAX picture image
rawraw,SageThumbs raw image
rdb,Wavelet image recording file
rdi,Device independent bitmap file
rf,Sun bitmap image
rg,Bitmap file
rgb,ColorViewSquash picture image
rgb,SGI RGB bitmap file
rgb8,TurboSilver bitmap image
rgba,Silicon Graphics Image File Format
rgbn,TurboSilver bitmap image
ria,Alpharel Group IV Raster Graphics file
ric,Lego NXT image file
rid,GerbMagic raster image file
rif,Resource Interchange File Format
rif,Corel Painter raster image file
riff,Resource Interchange File Format bitmap image
rimg,Radium Renderer HDR picture image file
rip,Rocky Interlace Picture format
rix,ColoRIX bitmap image
rl2,Nokia ST (Star Torrent) mobile phones series picture image
rl4,Device-independent bitmap file
rl8,SageThumbs image
rla,Alias/Wavefront bitmap image file
rlb,Alias/Wavefront bitmap image file
rle,Raster image
rlh,Picture image file
rm0,RAMbrandt picture image
rm1,RAMbrandt picture image
rm2,RAMbrandt picture image
rm3,RAMbrandt picture image
rm4,RAMbrandt picture image
rnl,GTX runlength encoded bitmap graphics
rp,Rainbow Painter image file
rpbm,Portable Bitmap image file
rpf,Alias/Wavefront bitmap image file
rpgm,Portable greyscale image file
rpnm,Portable Image image file
rppm,Portable Image image format
rri,RealWorld Icon Editor picture image file
rs,Sun raster bitmap image file
rsb,Red Storm bitmap file
rsr,Poser model preview file
rtl,HP Raster Transfer Language bitmap image file
rvg,Kodak RVG x-ray image
rys,Mamut picture image
sai2,Paint Tool SAI version 2 drawing
sbig,Santa Barbara Instruments astronomical image file
sc?,ColoRix bitmap image
scan,Scan file
scg,ColoRIX bitmap image file
scp,ColoRIX bitmap image
scr,Sun Raster bitmap image file
scr,Microsoft Word for DOS bitmap file
sct,Scitex CT bitmap image file
scu,ColoRIX bitmap image
scx,ColoRIX bitmap image file
sdpx,Kodak Cineon image format
sdt,Becker & Hickl SPCImage image file
sdw,MrSID header file (ESRI picture file)
sdwx,MrSID Level 8 image file
sec,Pro/ENGINEER sketch file
sedprj,Ashampoo Slideshow Studio project file
sep,Tagged Image File Format (TIFF) bitmap image
seq,ATARI STAD image file
sev,SevenUp picture file
sfc,Motic Images Plus image file
sfw,Seattle Film Works graphics
sg1,Standford graphics file
sge,Semi-Graphic logos Editor picture image
sgx,SymbOS SGX bitmap file
sh3,Apple II bitmap image
sham,Sliced HAM picture image
shc,SAMAR Hi-res Interlace picture image
shp,Blazing Paddles shape table
shp,Movie Maker shape
shr,Apple II bitmap image
sid,LizardTech MrSID image file format
sim,Aurora image format
sir,Bitmap file
six,DEC LN03+ Sixel bitmap image file
sixel,DEC LN03+ Sixel bitmap image file
skv,XLANG schedule drawing file
sld,3i SlideBook image file
snag,SnagIt captured image
snap,LittleSnaper snap file
snx,Second Nature screensaver image
spa,MikuMikuDance picture bitmap file
spc,Graphics Magician Picture Painter bitmap image
spc,Atari compressed spectrum bitmap file
spe,Princeton Instruments CCD camera bitmap image file
spf,Still Picture Interchange File Format
spi,Scanned Graphics file format
spiff,SPIFF Still Picture Interchange File Format
spj,Image Composite Editor panorama project
spot,SPOT satellite image file
spr,Acorn RISC OS bitmap image sprite file
spr,Apple II sprite
sprite,Acorn RISC OS sprite file
sps,Atari Spectrum 512 smooshed bitmap image
spu,Atari Spectrum bitmap image file
sr,Sun raster bitmap graphics
sr7,Graph Saurus picture image
srf,Sun raster file
srs,Sun raster file
ssi,SriSun graphic image
st9,SBIG astronomical image
stc,DeltaVision image file
ste,Samsung IPOLIS picture file
stn=,Genuine Fractals STING file format
sumo,Sumo Paint image file
sun,Sun raster bitmap image file
suniff,Sun TAAC bitmap image file
sva,Sharp Manga Browser comic
svs,Aperio SVS TIFF file
swgr,ClarisWorks version 3/4 Drawing file
syn,Synthetic Universe image file
synu,Synthetic Universe image format
t1,Male MRI image format
t2b,CyBook thumbnail image file
taac,Sun TAAC bitmap image file
tc2,TurboCAD 2D drawing
tdim,Digital F/X image format
tdp,Sherif DrawPlus thumbnail file
tdt,AVHCD thumbnail image file
tex,Corel PaintShop Photo Pro texture file
texture,Texture file
tg4,TG4 image format
tga,Truevision TarGA bitmap image
thm,Thumbnail bitmap image file
thm,Video Thumbnail file
thmb,Thumbnail file
thn,Graphics Workshop for Windows thumbnail
thnl,Graphics Workshop for Windows thumbnail file
thumb,JAlbum thumbnail file
thumb,Snagit thumb file
tif,Andor Bio-Imaging Division (ABD) TIFF file
tif,Aldus Tagged Image File Format (TIFF) bitmap image
tiff,Aldus Tagged Image File Format (TIFF) bitmap image
tile,Eclipse image file
tim,Tagged Image file format
tim,Sony PlayStation bitmap image
tip,Taquart Interlace Picture format
tm2,Playstation 2 TIM2 Bitmap file
tn,LG encoded JPG image
tn1,Tiny bitmap image file
tn2,Tiny bitmap image file
tn3,Tiny bitmap image file
tnb,Bitmap file
tnl,Thumbnail image format
tny,TiNY bitmap image
tpic,TrueVision TARGA image file
trif,TRIF Tiled Raster Interchange Format bitmap file
txe,Texture Editor for Atari texture
txs,Atari picture image
u,Subsampled raw YUV bitmap image
udi,CorelDRAW draw script textures bitmap file
ufo,Ulead PhotoImpact object
ufp,Ulead photo project file
ulg,ULG bitmap file
upf,Nokia Phone digital photo
upx,Ulead Photo Express saved image file
urt,Utah Run-Length encoded bitmap image file
uyvy,YUV 16-bit image format
v,Subsampled raw YUV bitmap image
vbc,Visual Business Cards file
vbm,V IDE bitmap file
vbm,Video bitmap file
vclip,VinylMaster clipart file
vda,Truevision Targa bitmap image
vff,Sun TAAC bitmap image
vfl,PrintMaster Gold ClipArt file
vga,Bitmap image
vgr,Ventura Publisher bitmap file
vi,Jovian Logic VI bitmap image
vic,Vicar graphics file
vif,Khoros Visualization bitmap image
viff,Smart Pix image file
viff,Khoros Visualization bitmap image
vit,VITec scanner raster format
vlogo,VinylMaster logo file
vpb,Quantel VPB image format
vpe,Adobe Photoshop Extended vanishing point file
vrphoto,VR Photo picture image file
vst,Vista Truevision Targa bitmap image
vsw,Microsoft Office Visio 2010 web drawing file
vzi,VertiZontal Interlacing picture image
vzn,Windows VZN picture image
wap,Wireless bitmap (level 0) image format
wb2,WebShots picture file
wbm,Wireless Bitmap image file
wbmp,Wireless Bitmap image file
wdp,Windows Media HD Photo picture image
webp,Google image file format
wic,J Wavelet Image Codec image format
wif,Wang image file
wig,Wigmore Artist 64 picture image
win,Truevision Targa bitmap image file
wlm,CompW image format file
wmp,Microsoft Windows Media HD Photo file
wnd,Blazing Paddles window
wnk,Wink screen capture file
wsq,Wavelet-packet Scalar Quantization bitmap file
wvl,Wavelet Bitmap file
x x,Stardent AVS X bitmap image file
x-png,Portable (Public) Network Graphic bitmap file
x10,X Window bitmap dump file
x11,X Window System bitmap image file
xbm,X Windows system bitmap image
xbx,Xbox icon or picture file
xcf,GIMP XCF bitmap image
xim,X11 Xim Toolkit bitmap file
ximg,IDV XML image
xjt,Compressed GIMP image file
xlp,XL-Paint picture image
xos,Xaos Tools bitmap image
xpm,Image file
xpng,Portable (Public) Network Graphic bitmap file
xqd,Seiko microscope image
xqf,Seiko microscope image
xv,Khoros Visualization bitmap image file
xwd,X Window window screen dump or bitmap
xws,Xara Designer Pro graphics
xys,VisiTech microscope image
xyzi,3rdTech scanner file
y,Subsampled RAW YUV bitmap image file
ycc,Kodak bitmap file
ypc,WhyPic picture file
yuv,YUV 16Bits image format
zbm,Zlib compressed bitmap file
zif,Zooming Interface Format file
zvi,Zeiss AxioVision microscope image
zxm,ZX-Paintbrush map image
zxp,ZX-Paintbrush document